"Datacenter","ansible_fqdn","ansible_host"
"igqprqavc01","etcdray01","10.80.102.206"
"igqprqavc01","etcdray02","10.80.102.207"
"igqprqavc01","etcdray03","10.80.102.205"
"igqprqavc01","igqprnmt01","10.80.130.37"
"igqprqavc01","igqprnmt02","10.80.130.38"
"igqprqavc01","igqq3l7gw01.alaskaair.com","10.24.67.20"
"igqprqavc01","igqq3l7gw02.alaskaair.com","10.24.67.21"
"igqprqavc01","igqq3mqipt01","10.24.72.22"
"igqprqavc01","igqq3mqipt02","10.24.72.23"
"igqprqavc01",,
"igqprqavc01",,
"igqprqavc01","igqqaadsmc01.alaskaair.com","10.24.20.58"
"igqprqavc01","igqqaansitest01.alaskaair.com","10.80.96.23"
"igqprqavc01","igqqabaa01","10.80.102.93"
"igqprqavc01","igqqacarkpsmp01","10.24.24.17"
"igqprqavc01","igqqacarkpsmp02","10.24.24.18"
"igqprqavc01","localhost.localdomain","10.80.99.187"
"igqprqavc01","igqqacts4aapp01.alaskaair.com","10.24.20.43"
"igqprqavc01","igqqacts4aapp02.alaskaair.com","10.24.20.44"
"igqprqavc01","igqqacts4alb01.alaskaair.com","10.24.20.47"
"igqprqavc01","igqqacts4amq01.alaskaair.com","10.24.20.45"
"igqprqavc01","igqqacts4amq02.alaskaair.com","10.24.20.46"
"igqprqavc01","igqqacts4anag01.alaskaair.com","10.24.20.70"
"igqprqavc01","igqqacts4apgdb01.alaskaair.com","10.24.20.40"
"igqprqavc01","igqqadbamysql01.alaskaair.com","10.24.20.11"
"igqprqavc01","igqqadbapgdb01.alaskaair.com","159.49.196.80"
"igqprqavc01","igqqadramysql01.alaskaair.com","159.49.196.81"
"igqprqavc01","igqqadwcentos01","10.80.103.99"
"igqprqavc01","igqqafltopsdb01.aagqa.net","10.24.131.20"
"igqprqavc01","igqqag2n77a01","172.20.77.12"
"igqprqavc01","igqqagarbage01.alaskaair.com","10.80.96.97"
"igqprqavc01","igqqagarbage02.aagqa.net","10.24.129.22"
"igqprqavc01","igqqahabcon01","10.80.102.166"
"igqprqavc01","igqqahabcon02","10.80.100.63"
"igqprqavc01","igqqahabcon03","10.80.102.165"
"igqprqavc01","igqqajbls01","10.80.102.93"
"igqprqavc01","igqqajpcmpt01.ocp-igq-jp-qa.alaskaair.com","10.80.164.105"
"igqprqavc01","igqqajpcmpt02.ocp-igq-jp-qa.alaskaair.com","10.80.164.106"
"igqprqavc01","igqqajpcmpt03.ocp-igq-jp-qa.alaskaair.com","10.80.164.107"
"igqprqavc01","igqqajpcmpt04.ocp-igq-jp-qa.alaskaair.com","10.80.164.108"
"igqprqavc01","igqqajpcmpt05.ocp-igq-jp-qa.alaskaair.com","10.80.164.109"
"igqprqavc01","igqqajpinf01.ocp-igq-jp-qa.alaskaair.com","10.80.164.110"
"igqprqavc01","igqqajpinf02.ocp-igq-jp-qa.alaskaair.com","10.80.164.111"
"igqprqavc01","igqqajpinf03.ocp-igq-jp-qa.alaskaair.com","10.80.164.112"
"igqprqavc01","igqqajplanin01.alaskaair.com","10.80.97.146"
"igqprqavc01","igqqajpmstr01.ocp-igq-jp-qa.alaskaair.com","10.80.164.102"
"igqprqavc01","igqqajpmstr02.ocp-igq-jp-qa.alaskaair.com","10.80.164.103"
"igqprqavc01","igqqajpmstr03.ocp-igq-jp-qa.alaskaair.com","10.80.164.104"
"igqprqavc01","igqqak8sak01","10.80.102.170"
"igqprqavc01","igqqak8sak02","10.80.100.231"
"igqprqavc01","igqqak8sak03","10.80.102.171"
"igqprqavc01",,
"igqprqavc01","igqqak8shab01","10.80.102.224"
"igqprqavc01","igqqak8shab02","10.80.102.241"
"igqprqavc01","igqqak8shab03","10.80.102.103"
"igqprqavc01","igqqak8shab06","10.80.102.25"
"igqprqavc01","igqqal7gw01.alaskaair.com","10.24.161.20"
"igqprqavc01","igqqal7gw02.alaskaair.com","10.24.161.21"
"igqprqavc01","igqqamq01.aagqa.net","10.24.12.12"
"igqprqavc01","igqqamq02.aagqa.net","10.24.12.13"
"igqprqavc01","igqqamq03.aagqa.net","10.24.12.17"
"igqprqavc01","igqqamq04.aagqa.net","10.24.12.18"
"igqprqavc01","igqqamqipt01.aagqa.net","10.24.12.10"
"igqprqavc01","igqqamqipt02.aagqa.net","10.24.12.11"
"igqprqavc01","igqqapackerlx01.aagqa.net","10.24.204.43"
"igqprqavc01","igqqapodman01","10.80.103.78"
"igqprqavc01","igqqapromnw01","10.80.99.153"
"igqprqavc01","igqqapshcmapp01.aagqa.net","10.24.144.11"
"igqprqavc01","igqqapshcmapp02.aagqa.net","10.24.144.12"
"igqprqavc01","igqqaqes4aapp01.alaskaair.com","10.24.20.48"
"igqprqavc01","igqqaqes4aapp02.alaskaair.com","10.24.20.49"
"igqprqavc01","igqqaqes4alb01.alaskaair.com","10.24.20.52"
"igqprqavc01","igqqaqes4amq01.alaskaair.com","10.24.20.50"
"igqprqavc01","igqqaqes4amq02.alaskaair.com","10.24.20.51"
"igqprqavc01","igqqaqes4apgdb01.alaskaair.com","10.24.20.41"
"igqprqavc01","igqqas4aapp01.airgroup.alaskaair.com","10.24.20.53"
"igqprqavc01","igqqas4aapp02.airgroup.alaskaair.com","10.24.20.54"
"igqprqavc01","igqqas4alb01.alaskaair.com","10.24.20.57"
"igqprqavc01","igqqas4amq01.airgroup.alaskaair.com","10.24.20.55"
"igqprqavc01","igqqas4amq02.airgroup.alaskaair.com","10.24.20.56"
"igqprqavc01","igqqas4apgdb01.alaskaair.com","10.24.20.37"
"igqprqavc01","igqqasadmin01.alaskaair.com","10.80.164.119"
"igqprqavc01","igqqasaucelabs01","10.80.103.24"
"igqprqavc01","igqqasqltst01","10.80.102.94"
"igqprqavc01","igqqatfbuild01","10.80.100.102"
"igqprqavc01","igqqatfbuild02","10.80.100.48"
"igqprqavc01","igqqatlinesrh6.aagqa.net","10.24.192.50"
"igqprqavc01","igqqatlinesrh7.aagqa.net","10.24.192.51"
"igqprqavc01","igqqatlinesrh8.aagqa.net","10.24.192.52"
"igqprqavc01","igqqatpapp0101","10.80.102.164"
"igqprqavc01","igqqatrs4aapp01.alaskaair.com","10.24.20.60"
"igqprqavc01","igqqatrs4aapp02.alaskaair.com","10.24.20.61"
"igqprqavc01","igqqatrs4alb01.alaskaair.com","10.24.20.64"
"igqprqavc01","igqqatrs4amq01.alaskaair.com","10.24.20.62"
"igqprqavc01","igqqatrs4amq02.alaskaair.com","10.24.20.63"
"igqprqavc01","igqqatrs4apgdb01.alaskaair.com","10.24.20.42"
"igqprqavc01","igqqavrapig28","10.80.96.32"
"igqprqavc01","ocp-infra01.igq-ocp-qa.alaskaair.com","10.80.164.28"
"igqprqavc01","ocp-infra02.igq-ocp-qa.alaskaair.com","10.80.164.27"
"igqprqavc01","ocp-infra03.igq-ocp-qa.alaskaair.com","10.80.164.64"
"igqprqavc01","ocp-infra04.igq-ocp-qa.alaskaair.com","10.80.164.65"
"igqprqavc01","ocp-infra05.igq-ocp-qa.alaskaair.com","10.80.164.66"
"igqprqavc01","ocplabbastion01","10.80.103.57"
"igqprqavc01","ocp-master01.igq-ocp-qa.alaskaair.com","10.80.164.18"
"igqprqavc01","ocp-master02.igq-ocp-qa.alaskaair.com","10.80.164.17"
"igqprqavc01","ocp-master03.igq-ocp-qa.alaskaair.com","10.80.164.19"
"igqprqavc01","ocp-storage01.igq-ocp-qa.alaskaair.com","10.80.164.26"
"igqprqavc01","ocp-storage02.igq-ocp-qa.alaskaair.com","10.80.164.25"
"igqprqavc01","ocp-storage03.igq-ocp-qa.alaskaair.com","10.80.164.24"
"igqprqavc01","ocp-worker01.igq-ocp-qa.alaskaair.com","10.80.164.21"
"igqprqavc01","ocp-worker02.igq-ocp-qa.alaskaair.com","10.80.164.23"
"igqprqavc01","ocp-worker03.igq-ocp-qa.alaskaair.com","10.80.164.22"
"igqprqavc01","localhost.localdomain",
"igqprqavc01","localhost.localdomain",
"igqprqavc01","se4tsdbapgdb01.alaskaair.com","159.49.196.79"
"igqprqavc01","seaalpsfinapp01","10.80.102.43"
"igqprqavc01","seaalpsfinapp02.alaskaair.com","10.80.101.161"
"igqprqavc01","seabdpsfinapp02.alaskaair.com","10.80.101.152"
"igqprqavc01",,
"igqprqavc01","seadvcms8inf01.alaskaair.com","10.80.88.24"
"igqprqavc01","seadvcms8pws01.alaskaair.com","10.80.88.26"
"igqprqavc01","seadvcms8sps01.alaskaair.com","10.80.88.25"
"igqprqavc01","seadvcms8web01.alaskaair.com","10.80.88.27"
"igqprqavc01","seadvfltopsdb01.alaskaair.com","159.49.199.147"
"igqprqavc01","seadvftmsdb01","10.80.88.30"
"igqprqavc01","seadvftmsdba1","10.80.88.33"
"igqprqavc01","seadviselab01","10.80.98.163"
"igqprqavc01","seadviselab02","10.80.98.165"
"igqprqavc01","seadvkubesvr01","10.80.101.133"
"igqprqavc01","seadvkubesvr02","10.80.101.165"
"igqprqavc01","seadvkubesvr03","10.80.101.171"
"igqprqavc01","seadvkubesvr04","10.80.102.15"
"igqprqavc01","seadvnetdock01.alaskaair.com","10.80.102.14"
"igqprqavc01","seadvnetjump01.alaskaair.com","10.80.88.65"
"igqprqavc01","seadvnetops01.alaskaair.com","10.80.102.120"
"igqprqavc01","seadvpsfinapp10","10.80.102.40"
"igqprqavc01","seadvpsfinapp20","10.80.102.34"
"igqprqavc01","seadvrhel601.alaskaair.com","10.80.96.75"
"igqprqavc01","seadvrhel703","10.80.96.76"
"igqprqavc01","seadvrhelray01","10.80.102.139"
"igqprqavc01",,
"igqprqavc01","seadvvaultsvr01","10.80.101.195"
"igqprqavc01","seadvvaultsvr02","10.80.101.196"
"igqprqavc01","seadvvaultsvr03","10.80.101.197"
"igqprqavc01","seadvvaultsvr04","10.80.101.198"
"igqprqavc01",,
"igqprqavc01","seadvvststst01","10.80.99.44"
"igqprqavc01","seadvzenoss01.alaskaair.com","10.80.88.72"
"igqprqavc01","seaqa02s4aapp01.alaskaair.com","172.20.77.104"
"igqprqavc01","seaqa02s4aapp02.alaskaair.com","172.20.77.105"
"igqprqavc01","seaqa02s4aapp03.alaskaair.com","172.20.77.106"
"igqprqavc01","igqvvacs01","10.80.74.185"
"igqprqavc01","seaqaairprice01.alaskaair.com","10.80.98.45"
"igqprqavc01",,
"igqprqavc01","seaqacmfdb01","10.80.98.67"
"igqprqavc01","seaqacmsinf01.alaskaair.com","10.80.130.22"
"igqprqavc01","seaqacmsmon01.alaskaair.com","10.80.130.33"
"igqprqavc01","seaqacmspws01.alaskaair.com","10.80.130.30"
"igqprqavc01","seaqacmspws02.alaskaair.com","10.80.130.31"
"igqprqavc01","seaqacmspws03.alaskaair.com","10.80.130.32"
"igqprqavc01","seaqacmspws04.alaskaair.com","10.80.130.35"
"igqprqavc01","seaqacmsspsa01.alaskaair.com","10.80.130.28"
"igqprqavc01","seaqacmsspsa02.alaskaair.com","10.80.130.29"
"igqprqavc01","seaqacmsspsb01.alaskaair.com","10.80.130.24"
"igqprqavc01","seaqacmsspsb02.alaskaair.com","10.80.130.25"
"igqprqavc01","seaqacmsspsc01.alaskaair.com","10.80.130.26"
"igqprqavc01","seaqacmsweb01.alaskaair.com","10.80.130.20"
"igqprqavc01","seaqacmsweb02.alaskaair.com","10.80.130.21"
"igqprqavc01","seaqadap01.alaskaair.com","10.80.88.61"
"igqprqavc01","seaqadap02.alaskaair.com","10.80.88.62"
"igqprqavc01","seaqadba01","10.80.120.34"
"igqprqavc01","seaqaemaestro01","172.20.77.10"
"igqprqavc01",,
"igqprqavc01",,
"igqprqavc01","seaqafltopsdb04.alaskaair.com","159.49.199.121"
"igqprqavc01",,
"igqprqavc01","seaqafltopsdb06","159.49.196.253"
"igqprqavc01","seaqafltopsdb07.alaskaair.com","159.49.199.250"
"igqprqavc01","seaqafltopsdb08","159.49.199.131"
"igqprqavc01","seaqafltopsme01","159.49.196.90"
"igqprqavc01","seaqaftmsct01","10.80.88.32"
"igqprqavc01","seaqaftmsdb01","10.80.88.31"
"igqprqavc01","seaqagrem01.alaskaair.com","10.80.75.40"
"igqprqavc01","seaqainfltdb01","10.80.100.166"
"igqprqavc01","seaqainfltdb02","10.80.100.167"
"igqprqavc01","seaqainfltdb03","10.80.100.168"
"igqprqavc01","seaqainfltdb04","10.80.100.169"
"igqprqavc01","seaqajcmsljmp02.alaskaair.com","10.80.130.52"
"igqprqavc01",,
"igqprqavc01","seaqapilotct01","10.80.88.14"
"igqprqavc01","seaqapilotdb01","10.80.102.65"
"igqprqavc01","seaqapsfinapp10.alaskaair.com","10.80.102.28"
"igqprqavc01","seaqapsfinapp11.alaskaair.com","10.80.102.29"
"igqprqavc01","seaqapsfinapp12","10.80.102.30"
"igqprqavc01","seaqapsfinapp13","10.80.102.31"
"igqprqavc01","seaqapsmdb01.alaskaair.com","10.80.97.6"
"igqprqavc01","seaqatwsmdm01.alaskaair.com","159.49.196.136"
"igqprqavc01","seaqatwsmdm02.alaskaair.com","159.49.196.137"
"igqprqavc01","seaqavinciapp01.alaskaair.com","10.80.74.122"
"igqprqavc01","igqqavlanpig01",
"igqprqavc01","seaqaw3cmsinf01.alaskaair.com","10.24.72.32"
"igqprqavc01","seaqaw3cmsmon01.alaskaair.com","10.24.72.44"
"igqprqavc01","seaqaw3cmspws01.alaskaair.com","10.24.72.33"
"igqprqavc01","seaqaw3cmspws02.alaskaair.com","10.24.72.34"
"igqprqavc01","seaqaw3cmspws03.alaskaair.com","10.24.72.35"
"igqprqavc01","seaqaw3cmspws04.alaskaair.com","10.24.72.36"
"igqprqavc01","seaqaw3cmsspsa01.alaskaair.com","10.24.72.37"
"igqprqavc01","seaqaw3cmsspsa02.alaskaair.com","10.24.72.38"
"igqprqavc01","seaqaw3cmsspsb01.alaskaair.com","10.24.72.39"
"igqprqavc01","seaqaw3cmsspsb02.alaskaair.com","10.24.72.40"
"igqprqavc01","seaqaw3cmsspsc01.alaskaair.com","10.24.72.41"
"igqprqavc01","seaqaw3cmsweb01.alaskaair.com","10.24.72.42"
"igqprqavc01","seaqaw3cmsweb02.alaskaair.com","10.24.72.43"
"igqprqavc01","seaqaw3jcmsljmp01.alaskaair.com","10.24.72.31"
"igqprqavc01","seasbtwsmdm01.alaskaair.com","159.49.196.134"
"igqprqavc01","seasbtwsmdm02.alaskaair.com","159.49.196.135"
"igqprqavc01","seatbcms8inf01.alaskaair.com","10.80.88.48"
"igqprqavc01","seatbcms8pws01.alaskaair.com","10.80.88.50"
"igqprqavc01","seatbcms8sps01.alaskaair.com","10.80.88.49"
"igqprqavc01","seatbcms8web01.alaskaair.com","10.80.88.51"
"igqprqavc01","seatccms8inf01.alaskaair.com","10.80.88.38"
"igqprqavc01","seatccms8pws01.alaskaair.com","10.80.88.40"
"igqprqavc01","seatccms8sps01.alaskaair.com","10.80.88.39"
"igqprqavc01","seatccms8web01.alaskaair.com","10.80.88.41"
"igqprqavc01","seaticms8inf01.alaskaair.com","10.80.88.52"
"igqprqavc01","seaticms8pws01.alaskaair.com","10.80.88.54"
"igqprqavc01","seaticms8sps01.alaskaair.com","10.80.88.53"
"igqprqavc01","seaticms8web01.alaskaair.com","10.80.88.55"
"igqprqavc01","seatrcms8inf01.alaskaair.com","10.80.88.57"
"igqprqavc01","seatrcms8pws01.alaskaair.com","10.80.88.59"
"igqprqavc01","seatrcms8sps01.alaskaair.com","10.80.88.58"
"igqprqavc01","seatrcms8web01.alaskaair.com","10.80.88.60"
"igqprqavc01",,
"igqprqavc01",,
"igqprqavc01","seatsblobfuse01.alaskaair.com","10.80.99.36"
"igqprqavc01","seatsbomgar01.alaskaair.com","172.20.77.59"
"igqprqavc01","seatsclint12cdb01.alaskaair.com","159.49.196.28"
"igqprqavc01","seatsclint12cdb02.alaskaair.com","10.80.97.253"
"igqprqavc01","seatscms8inf01.alaskaair.com","10.80.88.44"
"igqprqavc01","seatscms8pws01.alaskaair.com","10.80.88.46"
"igqprqavc01","seatscms8sps01.alaskaair.com","10.80.88.45"
"igqprqavc01","seatscms8web01.alaskaair.com","10.80.88.47"
"igqprqavc01","seatscmsldap01.alaskaair.com","10.80.101.194"
"igqprqavc01","localhost.localdomain","10.80.103.240"
"igqprqavc01",,
"igqprqavc01","seatsempltrdb01.alaskaair.com","10.80.101.184"
"igqprqavc01","seatsfaajaws01.alaskaair.com","159.49.196.130"
"igqprqavc01",,
"igqprqavc01","seatsftms7371","10.80.88.35"
"igqprqavc01","seatsftmsdb01","10.80.88.29"
"igqprqavc01","seatsftmsqx01","10.80.88.34"
"igqprqavc01","seatsgpdb01.alaskaair.com","10.80.96.171"
"igqprqavc01","seatsgwickrh701.alaskaair.com","10.80.103.28"
"igqprqavc01","seatsinfltdb01","10.80.100.165"
"igqprqavc01","seatsinfrmdb01.alaskaair.com","10.80.100.17"
"igqprqavc01","seatsiwsmdm01.alaskaair.com","10.80.102.196"
"igqprqavc01","seatsjcmsljmp02.alaskaair.com","10.80.88.64"
"igqprqavc01","seatsjcts4aaz01.alaskaair.com","10.80.88.16"
"igqprqavc01","seatsjcts4aaz02.alaskaair.com","10.80.88.17"
"igqprqavc01","seatsjohnansi01.alaskaair.com","10.80.88.71"
"igqprqavc01","seatskwood01.alaskaair.com","10.24.20.21"
"igqprqavc01","seatskwood02.alaskaair.com","10.24.20.26"
"igqprqavc01","seatsmfapoc01","10.80.101.182"
"igqprqavc01","seatsmon01.alaskaair.com","10.80.88.28"
"igqprqavc01","seatsnetansi01.alaskaair.com","10.80.102.104"
"igqprqavc01","seatsoam12cdb01.alaskaair.com","10.80.98.207"
"igqprqavc01","seatsoptmodb01.alaskaair.com","10.80.100.62"
"igqprqavc01",,
"igqprqavc01","seatspilotdb01","10.80.102.64"
"igqprqavc01","seatspocpg01","10.80.101.247"
"igqprqavc01",,
"igqprqavc01","seatspsfinapp10","10.80.102.17"
"igqprqavc01","seatspsfinapp20","10.80.102.37"
"igqprqavc01","seatspsmdb01.alaskaair.com","10.80.97.7"
"igqprqavc01","seatsrh5repo01.alaskaair.com","10.80.96.30"
"igqprqavc01",,
"igqprqavc01","seatsrh7repo01.alaskaair.com","10.80.96.253"
"igqprqavc01","seatsrheltes01","10.80.103.34"
"igqprqavc01","seatss4aapp101.alaskaair.com","10.80.74.70"
"igqprqavc01","seatss4aapp102.alaskaair.com","10.80.74.71"
"igqprqavc01","seatss4aapp103.alaskaair.com","10.80.74.72"
"igqprqavc01","seatss4aapp104.alaskaair.com","10.80.75.9"
"igqprqavc01","seatss4abal101.alaskaair.com","10.80.74.67"
"igqprqavc01","seatss4abal201.alaskaair.com","10.80.74.204"
"igqprqavc01",,
"igqprqavc01",,
"igqprqavc01","seatss4actdb01","10.80.96.9"
"igqprqavc01","seatss4amq101.alaskaair.com","10.80.74.68"
"igqprqavc01","seatss4amq102.alaskaair.com","10.80.74.69"
"igqprqavc01","seatss4amq103.alaskaair.com","10.80.75.11"
"igqprqavc01","seatss4amq104.alaskaair.com","10.80.75.12"
"igqprqavc01","seatss4amq202.alaskaair.com","10.80.74.203"
"igqprqavc01","seatss4anag01.alaskaair.com","10.80.103.15"
"igqprqavc01","seatss4apgdb101.alaskaair.com","10.80.74.79"
"igqprqavc01","seatss4apgdb201.alaskaair.com","10.80.74.198"
"igqprqavc01","seatss4atrapp01a.alaskaair.com","10.80.72.155"
"igqprqavc01","seatss4atrapp02.alaskaair.com","10.80.72.156"
"igqprqavc01",,
"igqprqavc01","seatss4autl101.alaskaair.com","10.80.74.73"
"igqprqavc01","seatssatsrv02.alaskaair.com","10.80.101.162"
"igqprqavc01",,
"igqprqavc01","seatssfelner09","10.80.98.117"
"igqprqavc01","seatssumolx01.alaskaair.com","10.80.96.147"
"igqprqavc01","seatstbomgar01","169.254.1.1"
"igqprqavc01","seatstlinesrh6.alaskaair.com","10.80.96.114"
"igqprqavc01","seatstlinesrh7.alaskaair.com","10.80.98.59"
"igqprqavc01","seatstlinesrh8.alaskaair.com","10.80.97.47"
"igqprqavc01","seatstlinesrh9.alaskaair.com","159.49.196.72"
"igqprqavc01","seatstwsdb02.alaskaair.com","10.80.120.156"
"igqprqavc01","seatstwsmdm01","159.49.199.233"
"igqprqavc01",,
"igqprqavc01","seatsucsctrl01.alaskaair.com","10.80.97.211"
"igqprqavc01",,
"igqprqavc01","seatsytang01.alaskaair.com","10.80.88.42"
"igqprqavc01","seatts4apgdb401.alaskaair.com","10.80.74.175"
"igqprqavc01","seavvqaproxy02.alaskaair.com","172.20.77.18"
"igqprqavc01","sigqqaaquascan01","10.80.103.70"
"igqprqavc01","sigqqaaquascan02","10.80.103.76"
"igqprqavc01","sigqqaaquascan03","10.80.103.77"
"igqprqavc01","sigqqaaquascan04","10.80.103.73"
"igqprqavc01","sigqqajspl01","10.80.103.46"
"igqprqavc01","sigqqajspl02","10.80.103.45"
"igqprqavc01","igqq3labcucunitypub01","10.24.20.19"
"se4prtsvc01","localhost.localdomain","10.34.130.210"
"se4prtsvc01","se4alpshcmapp01.aagqa.net","10.34.144.11"
"se4prtsvc01","se4alpshcmapp02.aagqa.net","10.34.144.27"
"se4prtsvc01","se4bdpshcmapp02.aagqa.net","10.34.144.29"
"se4prtsvc01","se4dvfltopsdb01.aagqa.net","10.34.131.23"
"se4prtsvc01","se4dvpshcmapp01.aagqa.net","10.34.144.12"
"se4prtsvc01","se4dvpshcmapp02.aagqa.net","10.34.144.18"
"se4prtsvc01","se4shxtest04","10.34.20.44"
"se4prtsvc01","se4t3ddos01.aagq3.net","159.49.93.2"
"se4prtsvc01","se4t3l7gw01.alaskaair.com","10.34.67.20"
"se4prtsvc01","se4t3l7portal01.alaskaair.com","10.34.67.21"
"se4prtsvc01","se4testcj.alaskaair.com",
"se4prtsvc01","se4tsapetcd01","10.34.130.13"
"se4prtsvc01","se4tsapetcd02","10.34.130.14"
"se4prtsvc01","se4tsapetcd03","10.34.130.15"
"se4prtsvc01","se4tsapetcd04","10.34.130.16"
"se4prtsvc01","se4tsapetcd05","10.34.130.17"
"se4prtsvc01","se4tsawx01","10.34.130.24"
"se4prtsvc01","se4tsdbamysql01.alaskaair.com","10.34.20.14"
"se4prtsvc01","se4tsfltopsdb01.aagqa.net","10.34.131.20"
"se4prtsvc01","se4tsgenhunt03a","10.34.8.132"
"se4prtsvc01","se4tsgenhunt04a","10.34.9.29"
"se4prtsvc01","se4tsl7gw01.alaskaair.com","10.34.161.20"
"se4prtsvc01","se4tsl7portal01.alaskaair.com","10.34.161.22"
"se4prtsvc01","se4tsmq01.aagqa.net","10.34.12.10"
"se4prtsvc01","se4tsmq02.aagqa.net","10.34.12.17"
"se4prtsvc01","se4tsnbot01.aagqa.net","10.34.200.20"
"se4prtsvc01","se4tsnbotpgdb01.aagqa.net","10.34.200.21"
"se4prtsvc01","se4tsnetadoci01.alaskaair.com","10.34.200.25"
"se4prtsvc01","se4tspshcmapp01.aagqa.net","10.34.144.13"
"se4prtsvc01","se4tspshcmapp02.aagqa.net","10.34.144.19"
"se4prtsvc01","se4tss4aapp01.alaskaair.com","10.34.20.11"
"se4prtsvc01","se4tss4aapp02.alaskaair.com","10.34.20.12"
"se4prtsvc01","se4tss4alb01.alaskaair.com","10.34.20.29"
"se4prtsvc01","se4tss4amq01.alaskaair.com","10.34.20.13"
"se4prtsvc01","se4tss4amq02.alaskaair.com","10.34.20.23"
"se4prtsvc01","se4tss4apgdb01.alaskaair.com","10.34.20.37"
"se4prtsvc01","se4tss4autil01.alaskaair.com","10.34.20.38"
"se4prtsvc01","se4tss4autil02.alaskaair.com","10.34.20.47"
"se4prtsvc01","se4tstlinesrh7.aagqa.net","10.34.204.16"
"se4prtsvc01","se4tstlinesrh8.aagqa.net","10.34.204.15"
"se4prtsvc01","se4tstower01.ts.aagqa.net","10.34.23.240"
"se4prtsvc01","se4tstower02.ts.aagqa.net","10.34.23.241"
"se4prtsvc01","se4tstower03.ts.aagqa.net","10.34.23.242"
"igqprqavc01","igqqa19ctest01.alaskaair.com","159.49.43.76"
"igqprqavc01","igqqa19ctest02.alaskaair.com","159.49.43.92"
"igqprqavc01","igqqaadsdb01.aagqa.net","10.24.129.40"
"igqprqavc01","igqqaclintol8.alaskaair.com","159.49.196.60"
"igqprqavc01","igqqaclintol9.alaskaair.com","159.49.43.51"
"igqprqavc01","ns","10.80.98.223"
"igqprqavc01","ns","10.80.98.224"
"igqprqavc01","igqqaol8upg01.alaskaair.com","10.24.129.21"
"igqprqavc01","igqqaol8upg02.alaskaair.com","10.80.96.208"
"igqprqavc01","igqqapshcmora01.aagqa.net","10.24.129.11"
"igqprqavc01","ol77core_122","159.49.43.58"
"igqprqavc01","igqqatlinesol9","159.49.43.50"
"igqprqavc01","seaalpsfinora01","10.80.102.44"
"igqprqavc01","seaalpsfinora02.alaskaair.com","10.80.101.191"
"igqprqavc01","seabdpsfinora01","10.80.102.20"
"igqprqavc01","seabdpsfinora02","10.80.102.45"
"igqprqavc01","seadvat19cora01","10.80.102.157"
"igqprqavc01","seadvcms19hora01.alaskaair.com","10.80.88.73"
"igqprqavc01","seadvcms19ora01.alaskaair.com","10.80.88.63"
"igqprqavc01","seadvpsfinora10","10.80.102.41"
"igqprqavc01","seadvpsfinora20","10.80.102.35"
"igqprqavc01","seadvqtx19cor01.alaskaair.com","10.80.101.141"
"igqprqavc01","seadvsbl19ora01.alaskaair.com","172.20.77.75"
"igqprqavc01","seadvsbl21ora01.alaskaair.com","172.20.77.44"
"igqprqavc01","seadvsbl8hdb01.alaskaair.com","10.80.97.216"
"igqprqavc01","seadvtdbdb01.alaskaair.com","10.80.81.10"
"igqprqavc01","seaqa02s4adb01.alaskaair.com","172.20.77.9"
"igqprqavc01","seaqaatx19ora01.alaskaair.com","10.80.88.21"
"igqprqavc01","seaqacmfdb01","10.80.98.67"
"igqprqavc01","seaqacms19hora01.alaskaair.com","10.80.96.130"
"igqprqavc01","seaqacms19ora01.alaskaair.com","10.80.96.153"
"igqprqavc01","seaqacms19ora02.alaskaair.com","10.24.72.45"
"igqprqavc01","seaqadwsdbxdb01.alaskaair.com","10.80.97.249"
"igqprqavc01","seaqaewa19ora01.alaskaair.com","10.80.88.22"
"igqprqavc01","seaqapsfinora10","10.80.102.32"
"igqprqavc01","seaqapsmdb01.alaskaair.com","10.80.97.6"
"igqprqavc01","seaqaqxtx12co01.alaskaair.com","10.80.100.110"
"igqprqavc01","seaqarealtora01.alaskaair.com","10.80.103.27"
"igqprqavc01","seaqasbl19ora01.alaskaair.com","172.20.76.13"
"igqprqavc01","seaqasbl19ora02.alaskaair.com","172.20.76.14"
"igqprqavc01","seaqatws19ora01.alaskaair.com","159.49.196.148"
"igqprqavc01","seasimqxtx19ora01.alaskaair.com","10.80.126.255"
"igqprqavc01","seatbcms19ora01.alaskaair.com","10.80.88.67"
"igqprqavc01","seatccms19ora01.alaskaair.com","10.80.88.69"
"igqprqavc01","seaticms19ora01.alaskaair.com","10.80.88.68"
"igqprqavc01","seatratx19ora01.alaskaair.com","10.80.88.56"
"igqprqavc01","seatrcms19ora01.alaskaair.com","10.80.88.66"
"igqprqavc01","seatsarp12cor01.alaskaair.com","10.80.102.95"
"igqprqavc01",,
"igqprqavc01","seatsatx19ora01.alaskaair.com","10.80.88.15"
"igqprqavc01","seatsbiodilx01.alaskaair.com","10.80.101.237"
"igqprqavc01","seatsclint12cdb01.alaskaair.com","159.49.196.28"
"igqprqavc01","seatsclint12cdb02.alaskaair.com","10.80.97.253"
"igqprqavc01","seatsclint19cora01.alaskaair.com","10.80.100.161"
"igqprqavc01","seatscms19ora01.alaskaair.com","10.80.88.70"
"igqprqavc01","seatsct19cora02.alaskaair.com","10.80.102.156"
"igqprqavc01","seatsere19ora01.alaskaair.com","10.80.88.20"
"igqprqavc01","seatsewa19ora01.alaskaair.com","10.80.88.13"
"igqprqavc01","seatsgpdb01.alaskaair.com","10.80.96.171"
"igqprqavc01","seatsinfrmdb01.alaskaair.com","10.80.100.17"
"igqprqavc01","seatsoam12cdb01.alaskaair.com","10.80.98.207"
"igqprqavc01","seatsol7repo01.alaskaair.com","10.80.100.18"
"igqprqavc01","seatsoptmodb01.alaskaair.com","10.80.100.62"
"igqprqavc01","seatspsfinora10","10.80.102.18"
"igqprqavc01","seatspsfinora20","10.80.102.38"
"igqprqavc01","seatspsmdb01.alaskaair.com","10.80.97.7"
"igqprqavc01","seatsqtx12cor01.alaskaair.com","10.80.101.146"
"igqprqavc01","seatsqtx19cor01.alaskaair.com","10.80.100.71"
"igqprqavc01","seatsqtx19ora01.alaskaair.com","10.80.88.23"
"igqprqavc01","seatsrealtora01.alaskaair.com","10.80.103.13"
"igqprqavc01","seatss4a19ora01.alaskaair.com","10.80.88.36"
"igqprqavc01","seatss4actdb01","10.80.96.9"
"igqprqavc01","seatss4atrdb01a.alaskaair.com","10.80.72.54"
"igqprqavc01","seatssbl19ora01.alaskaair.com","172.20.77.74"
"igqprqavc01","seatssbl19ora02.alaskaair.com","172.20.77.77"
"igqprqavc01","seatstlinesol8.alaskaair.com","10.80.97.154"
"igqprqavc01","seatstws19ora01.alaskaair.com","159.49.196.146"
"igqprqavc01","seatstws19ora02.alaskaair.com","159.49.196.147"
"igqprqavc01","seatstwsdb02.alaskaair.com","10.80.120.156"
"se4prtsvc01","se4alpshcmora01.aagqa.net","10.34.129.22"
"se4prtsvc01","se4alpshcmora02.alaskaair.com","10.34.129.26"
"se4prtsvc01","se4bdpshcmora01.aagqa.net","10.34.129.21"
"se4prtsvc01","se4bdpshcmora02.aagqa.net","10.34.129.25"
"se4prtsvc01","se4dvpshcmora01.aagqa.net","10.34.129.23"
"se4prtsvc01","se4dvpshcmora02.aagqa.net","10.34.129.16"
"se4prtsvc01","se4tsoradiora01.aagqa.net","10.34.129.27"
"se4prtsvc01","se4tspshcmora01.alaskaair.com","10.34.129.24"
"se4prtsvc01","se4tspshcmora02.aagqa.net","10.34.129.17"
